<?xml version="1.0" encoding="UTF-8"?>
<mule xmlns:dw="http://www.mulesoft.org/schema/mule/ee/dw"
xmlns="http://www.mulesoft.org/schema/mule/core" xmlns:doc="http://www.mulesoft.org/schema/mule/documentation"
xmlns:spring="http://www.springframework.org/schema/beans" 
xmlns:xsi="http://www.w3.org/2001/XMLSchema-instance"
xsi:schemaLocation="http://www.mulesoft.org/schema/mule/ee/dw http://www.mulesoft.org/schema/mule/ee/dw/current/dw.xsd
http://www.springframework.org/schema/beans http://www.springframework.org/schema/beans/spring-beans-current.xsd
http://www.mulesoft.org/schema/mule/core http://www.mulesoft.org/schema/mule/core/current/mule.xsd">

<flow name="pf-file-upload-download-service" processingStrategy="synchronous">
        <logger message="#[message.rootId] - Start of the Service" level="INFO" doc:name="Logger"/>
                <message-properties-transformer scope="invocation" doc:name="Message Properties Get HTML Form Data">
            <add-message-property key="fileContent" value="#[message.inboundAttachments.file.dataSource.part.inputStream]"/>
            <add-message-property key="filename" value="#[message.inboundAttachments.file.dataSource.part.fileName]"/>
        </message-properties-transformer>
        <dw:transform-message doc:name="Transform Message Edit File Content">
            <dw:set-payload><![CDATA[%dw 1.0
%output application/java
---
"EDITED BY MULE : \n" ++ flowVars.fileContent
]]></dw:set-payload>
        </dw:transform-message>
        <logger message="#[&quot;\nFILENAME: &quot;+flowVars.filename+&quot;\nFILE CONTENT:\n&quot;+flowVars.fileContent]" level="INFO" doc:name="Logger File Details"/>
        <set-property propertyName="Content-Disposition" value="#['attachment; filename=Processed_'+server.dateTime.format(&quot;MMddyyyy&quot;)+'_'+flowVars.filename]" doc:name="Property Set Content-Disposition"/>
        <logger message="#[message.rootId] - End of the Service" level="INFO" doc:name="Logger"/>
    </flow>
    <sub-flow name="sf-response-web-page">
        <parse-template location="\web\index.html" doc:name="Parse Template"/>
        <logger message="#[message.rootId] - Response Web Page UI." level="INFO" doc:name="Logger"/>
    </sub-flow>
</mule>